{"cameraMode":{"drawMode":0,"name":"Shaded","section":"Shading Mode"},"sceneLighting":true,"audioPlay":false,"sceneViewState":{"showFog":true,"showMaterialUpdate":false,"showSkybox":true,"showFlares":true,"showImageEffects":true,"showParticleSystems":true},"in2DMode":false,"pivot":{"x":-1761.3443603515625,"y":-841.1070556640625,"z":-956.84423828125},"rotation":{"x":0.08079107850790024,"y":-0.8749949336051941,"z":0.1567913442850113,"w":0.4508609175682068},"size":1445.2413330078125,"orthographic":false}