{"cameraMode":{"drawMode":0,"name":"Shaded","section":"Shading Mode"},"sceneLighting":true,"audioPlay":false,"sceneViewState":{"showFog":true,"showMaterialUpdate":false,"showSkybox":true,"showFlares":true,"showImageEffects":true,"showParticleSystems":true},"in2DMode":false,"pivot":{"x":7.439946174621582,"y":2.8105549812316896,"z":-2.711137294769287},"rotation":{"x":0.005456865765154362,"y":-0.9854445457458496,"z":-0.032225754112005237,"w":-0.16683489084243775},"size":3.9073946475982668,"orthographic":false}