{"cameraMode":{"drawMode":0,"name":"Shaded","section":"Shading Mode"},"sceneLighting":true,"audioPlay":false,"sceneViewState":{"showFog":true,"showMaterialUpdate":true,"showSkybox":true,"showFlares":true,"showImageEffects":true,"showParticleSystems":true},"in2DMode":false,"pivot":{"x":312.212646484375,"y":-277.29388427734377,"z":-870.4630126953125},"rotation":{"x":-0.012444553896784783,"y":0.9838224053382874,"z":-0.07511410117149353,"w":-0.16347892582416535},"size":306.9332275390625,"orthographic":false}