{"cameraMode":{"drawMode":0,"name":"Shaded","section":"Shading Mode"},"sceneLighting":true,"audioPlay":false,"sceneViewState":{"showFog":true,"showMaterialUpdate":false,"showSkybox":true,"showFlares":true,"showImageEffects":true,"showParticleSystems":true},"in2DMode":false,"pivot":{"x":-88.93650817871094,"y":400.4851989746094,"z":69.71501159667969},"rotation":{"x":-0.32240936160087588,"y":-0.46685436367988589,"z":-0.18756085634231568,"w":0.8019750118255615},"size":404.18316650390627,"orthographic":false}