{"cameraMode":{"drawMode":0,"name":"Shaded","section":"Shading Mode"},"sceneLighting":true,"audioPlay":false,"sceneViewState":{"showFog":true,"showMaterialUpdate":true,"showSkybox":true,"showFlares":true,"showImageEffects":true,"showParticleSystems":true},"in2DMode":false,"pivot":{"x":-2939.280517578125,"y":-587.99267578125,"z":-1438.95654296875},"rotation":{"x":0.09955256432294846,"y":-0.6202302575111389,"z":0.07963456213474274,"w":0.7741925716400147},"size":2134.59716796875,"orthographic":false}