{"cameraMode":{"drawMode":0,"name":"Shaded","section":"Shading Mode"},"sceneLighting":true,"audioPlay":false,"sceneViewState":{"showFog":true,"showMaterialUpdate":false,"showSkybox":true,"showFlares":true,"showImageEffects":true,"showParticleSystems":true},"in2DMode":false,"pivot":{"x":-227.9061737060547,"y":-8.797264099121094,"z":17.055328369140626},"rotation":{"x":0.055169980973005298,"y":-0.6024560332298279,"z":0.04187445342540741,"w":0.795245349407196},"size":245.65313720703126,"orthographic":false}