{"cameraMode":{"drawMode":0,"name":"Shaded","section":"Shading Mode"},"sceneLighting":true,"audioPlay":false,"sceneViewState":{"showFog":true,"showMaterialUpdate":true,"showSkybox":true,"showFlares":true,"showImageEffects":true,"showParticleSystems":true},"in2DMode":false,"pivot":{"x":-55.25766372680664,"y":594.525390625,"z":6.071084976196289},"rotation":{"x":-0.12808991968631745,"y":0.3321990370750427,"z":0.04595977067947388,"w":0.9334062933921814},"size":4.62251615524292,"orthographic":false}