{"cameraMode":{"drawMode":0,"name":"Shaded","section":"Shading Mode"},"sceneLighting":true,"audioPlay":false,"sceneViewState":{"showFog":true,"showMaterialUpdate":true,"showSkybox":true,"showFlares":true,"showImageEffects":true,"showParticleSystems":true},"in2DMode":false,"pivot":{"x":-1872.8458251953125,"y":183.88003540039063,"z":-4159.05126953125},"rotation":{"x":-0.05904526263475418,"y":0.9294542670249939,"z":-0.17057572305202485,"w":-0.3217794895172119},"size":39.73947525024414,"orthographic":false}