{"cameraMode":{"drawMode":0,"name":"Shaded","section":"Shading Mode"},"sceneLighting":true,"audioPlay":false,"sceneViewState":{"showFog":true,"showMaterialUpdate":true,"showSkybox":true,"showFlares":true,"showImageEffects":true,"showParticleSystems":true},"in2DMode":false,"pivot":{"x":-2148.49853515625,"y":-932.0142211914063,"z":-3957.32763671875},"rotation":{"x":-0.10202731192111969,"y":0.5015726089477539,"z":-0.05972839146852493,"w":-0.8570113778114319},"size":2041.5675048828125,"orthographic":false}