{"cameraMode":{"drawMode":0,"name":"Shaded","section":"Shading Mode"},"sceneLighting":false,"audioPlay":false,"sceneViewState":{"showFog":true,"showMaterialUpdate":true,"showSkybox":false,"showFlares":true,"showImageEffects":true,"showParticleSystems":true},"in2DMode":false,"pivot":{"x":-0.30730438232421877,"y":-2.1876518726348879,"z":-0.31528377532958987},"rotation":{"x":0.06716588139533997,"y":-0.2304578423500061,"z":0.016874035820364953,"w":0.970845103263855},"size":17.721960067749025,"orthographic":false}