{"cameraMode":{"drawMode":0,"name":"Shaded","section":"Shading Mode"},"sceneLighting":true,"audioPlay":false,"sceneViewState":{"showFog":true,"showMaterialUpdate":true,"showSkybox":true,"showFlares":true,"showImageEffects":true,"showParticleSystems":true},"in2DMode":false,"pivot":{"x":-2276.582275390625,"y":-235.8066864013672,"z":-3841.982177734375},"rotation":{"x":-0.10202731192111969,"y":0.5015726089477539,"z":-0.05972839146852493,"w":-0.8570113778114319},"size":965.1104125976563,"orthographic":false}