{"cameraMode":{"drawMode":0,"name":"Shaded","section":"Shading Mode"},"sceneLighting":true,"audioPlay":false,"sceneViewState":{"showFog":true,"showMaterialUpdate":true,"showSkybox":true,"showFlares":true,"showImageEffects":true,"showParticleSystems":true},"in2DMode":false,"pivot":{"x":-1921.57421875,"y":187.1346435546875,"z":-4164.8564453125},"rotation":{"x":0.12969602644443513,"y":0.3027162551879883,"z":-0.04120998829603195,"w":0.9433854222297669},"size":23.268314361572267,"orthographic":false}