{"cameraMode":{"drawMode":0,"name":"Shaded","section":"Shading Mode"},"sceneLighting":true,"audioPlay":false,"sceneViewState":{"showFog":true,"showMaterialUpdate":false,"showSkybox":true,"showFlares":true,"showImageEffects":true,"showParticleSystems":true},"in2DMode":false,"pivot":{"x":-1018.0108642578125,"y":-905.247314453125,"z":1038.9736328125},"rotation":{"x":0.27103421092033389,"y":-0.3627544939517975,"z":0.11123541742563248,"w":0.8847157955169678},"size":1283.514892578125,"orthographic":false}